Experiment,cohens_d,ci_lwr,ci_upr,yi,sei
Experiment 1,1.3131096298771028,0.881287655781102,1.7449316039731035,1.3131096298771028,0.22031733372244938
Experiment 3,0.6616245739165911,0.247075823218861,1.0761733246143212,0.6616245739165911,0.21150446464169903
Experiment 4,0.5702035202073439,0.26761904663325226,0.8727879937814356,0.5702035202073439,0.15437983345616924
Experiment 5,0.7272397884589442,0.4301018141272243,1.024377762790664,0.7272397884589442,0.15160100731210197
